type,name,time_units,begin_time,frequency,count,units
signal_2d,"COP","s",0.000,60,1800,"mm"

time,x,y
0.000,-17.236,-20.047
0.017,-17.303,-19.869
0.033,-16.812,-19.694
0.050,-16.341,-19.547
0.067,-16.183,-19.564
0.083,-15.769,-19.502
0.100,-15.607,-19.424
0.117,-15.137,-19.377
0.133,-14.991,-19.043
0.150,-14.754,-18.841
0.167,-14.230,-18.822
0.183,-13.914,-18.666
0.200,-14.529,-18.596
0.217,-13.976,-18.712
0.233,-13.469,-18.653
0.250,-13.605,-18.548
0.267,-13.727,-18.216
0.283,-13.567,-18.127
0.300,-13.460,-18.145
0.317,-13.497,-17.789
0.333,-13.287,-17.847
0.350,-12.917,-17.963
0.367,-13.063,-17.813
0.383,-13.045,-17.949
0.400,-12.547,-17.745
0.417,-12.140,-18.054
0.433,-12.447,-17.610
0.450,-12.212,-17.818
0.467,-11.961,-17.744
0.483,-12.112,-17.413
0.500,-11.610,-17.610
0.517,-11.718,-17.338
0.533,-11.850,-17.232
0.550,-11.792,-17.500
0.567,-11.813,-17.286
0.583,-11.820,-17.619
0.600,-11.882,-17.344
0.617,-11.330,-17.409
0.633,-11.627,-17.623
0.650,-12.090,-17.686
0.667,-11.907,-18.210
0.683,-12.269,-18.086
0.700,-12.101,-18.482
0.717,-12.527,-18.226
0.733,-12.370,-18.320
0.750,-12.851,-18.672
0.767,-12.770,-18.945
0.783,-12.636,-19.209
0.800,-12.550,-19.524
0.817,-12.708,-19.884
0.833,-12.779,-20.069
0.850,-12.913,-20.458
0.867,-12.975,-20.572
0.883,-12.965,-21.021
0.900,-13.003,-21.254
0.917,-13.398,-21.887
0.933,-13.763,-22.104
0.950,-13.833,-22.179
0.967,-13.713,-22.274
0.983,-13.805,-22.456
1.000,-13.865,-22.798
1.017,-13.856,-23.098
1.033,-14.179,-23.244
1.050,-14.188,-23.443
1.067,-14.173,-23.870
1.083,-14.774,-23.979
1.100,-14.713,-24.143
1.117,-14.691,-24.257
1.133,-15.062,-24.155
1.150,-14.875,-24.103
1.167,-15.414,-24.032
1.183,-15.338,-23.889
1.200,-15.552,-23.598
1.217,-15.272,-23.599
1.233,-15.354,-23.753
1.250,-15.205,-23.685
1.267,-15.552,-23.448
1.283,-15.574,-23.757
1.300,-15.995,-23.595
1.317,-16.328,-24.132
1.333,-16.824,-24.297
1.350,-16.886,-24.459
1.367,-17.459,-24.592
1.383,-17.455,-24.635
1.400,-17.019,-24.966
1.417,-17.093,-24.992
1.433,-17.917,-24.871
1.450,-17.987,-24.946
1.467,-17.591,-24.903
1.483,-18.261,-24.815
1.500,-18.066,-25.223
1.517,-18.132,-25.530
1.533,-18.342,-25.334
1.550,-18.390,-25.482
1.567,-18.302,-25.982
1.583,-18.442,-26.075
1.600,-18.377,-26.355
1.617,-19.018,-26.806
1.633,-19.532,-27.085
1.650,-19.521,-27.434
1.667,-19.630,-27.843
1.683,-19.612,-28.063
1.700,-19.270,-28.444
1.717,-19.475,-29.040
1.733,-19.374,-29.479
1.750,-19.269,-29.898
1.767,-19.365,-30.182
1.783,-18.970,-30.304
1.800,-18.792,-30.518
1.817,-18.870,-30.857
1.833,-18.537,-31.012
1.850,-18.925,-31.340
1.867,-17.990,-31.638
1.883,-18.446,-31.683
1.900,-18.468,-31.693
1.917,-17.776,-31.778
1.933,-17.809,-31.607
1.950,-17.770,-31.402
1.967,-17.547,-31.097
1.983,-17.763,-30.820
2.000,-17.393,-30.673
2.017,-17.703,-30.240
2.033,-17.874,-29.952
2.050,-17.816,-29.843
2.067,-17.343,-29.819
2.083,-17.252,-29.534
2.100,-17.378,-29.109
2.117,-16.746,-28.744
2.133,-16.801,-28.533
2.150,-17.054,-28.177
2.167,-17.118,-28.055
2.183,-16.774,-27.893
2.200,-16.632,-27.762
2.217,-16.382,-27.714
2.233,-16.434,-28.021
2.250,-16.857,-28.043
2.267,-16.555,-28.034
2.283,-16.605,-27.914
2.300,-16.862,-27.753
2.317,-16.238,-27.456
2.333,-16.432,-27.382
2.350,-16.269,-27.080
2.367,-16.277,-26.847
2.383,-15.847,-26.698
2.400,-16.063,-26.147
2.417,-15.642,-25.646
2.433,-15.384,-25.491
2.450,-15.447,-24.975
2.467,-14.652,-24.230
2.483,-14.057,-23.558
2.500,-13.976,-22.842
2.517,-13.606,-22.541
2.533,-13.590,-22.089
2.550,-13.899,-21.926
2.567,-14.302,-21.565
2.583,-14.092,-21.106
2.600,-13.634,-20.825
2.617,-13.599,-20.668
2.633,-13.996,-20.199
2.650,-14.302,-20.112
2.667,-14.223,-19.824
2.683,-14.399,-19.943
2.700,-14.144,-20.155
2.717,-13.972,-20.371
2.733,-14.090,-20.475
2.750,-14.440,-20.599
2.767,-14.455,-20.746
2.783,-14.132,-20.830
2.800,-14.223,-20.959
2.817,-14.118,-21.273
2.833,-14.275,-21.645
2.850,-14.821,-21.903
2.867,-14.582,-21.932
2.883,-14.602,-21.900
2.900,-14.383,-21.924
2.917,-14.236,-21.813
2.933,-14.559,-21.540
2.950,-14.626,-21.282
2.967,-14.777,-21.008
2.983,-15.085,-20.412
3.000,-15.079,-19.864
3.017,-14.913,-19.030
3.033,-15.479,-18.165
3.050,-15.485,-17.144
3.067,-15.932,-16.270
3.083,-15.734,-15.392
3.100,-15.659,-14.662
3.117,-15.207,-14.243
3.133,-15.893,-13.727
3.150,-15.870,-13.496
3.167,-16.488,-13.494
3.183,-16.637,-13.423
3.200,-16.387,-13.828
3.217,-16.926,-13.879
3.233,-16.676,-14.330
3.250,-17.342,-14.673
3.267,-17.575,-15.085
3.283,-17.910,-15.857
3.300,-18.507,-16.831
3.317,-18.486,-17.578
3.333,-18.175,-18.208
3.350,-17.751,-18.578
3.367,-17.859,-18.962
3.383,-18.100,-19.069
3.400,-18.032,-19.491
3.417,-18.046,-19.664
3.433,-18.720,-20.200
3.450,-18.187,-20.979
3.467,-18.728,-21.596
3.483,-18.761,-22.054
3.500,-18.960,-22.580
3.517,-19.418,-22.842
3.533,-19.976,-23.338
3.550,-20.347,-23.667
3.567,-20.307,-23.770
3.583,-20.896,-24.052
3.600,-21.553,-24.639
3.617,-21.402,-25.561
3.633,-21.068,-26.413
3.650,-21.363,-27.156
3.667,-22.134,-27.413
3.683,-21.625,-27.527
3.700,-21.481,-27.621
3.717,-21.666,-27.535
3.733,-21.259,-27.094
3.750,-21.401,-27.241
3.767,-21.002,-26.898
3.783,-21.088,-26.839
3.800,-20.998,-26.683
3.817,-21.059,-26.459
3.833,-21.021,-26.342
3.850,-21.278,-26.113
3.867,-21.192,-25.927
3.883,-20.789,-26.197
3.900,-21.183,-25.956
3.917,-20.902,-25.794
3.933,-21.154,-25.741
3.950,-21.164,-25.755
3.967,-20.624,-26.103
3.983,-20.184,-26.175
4.000,-20.510,-26.090
4.017,-20.530,-26.335
4.033,-20.454,-26.442
4.050,-20.172,-26.448
4.067,-20.119,-26.741
4.083,-19.529,-26.754
4.100,-19.617,-26.478
4.117,-19.156,-26.393
4.133,-19.171,-26.138
4.150,-18.879,-25.971
4.167,-18.857,-25.534
4.183,-18.434,-24.903
4.200,-17.214,-23.932
4.217,-16.772,-23.205
4.233,-16.726,-22.354
4.250,-15.880,-21.753
4.267,-15.748,-20.941
4.283,-15.245,-20.691
4.300,-14.921,-20.286
4.317,-14.733,-20.032
4.333,-14.598,-19.814
4.350,-14.480,-19.411
4.367,-14.382,-19.229
4.383,-14.491,-19.030
4.400,-14.165,-19.065
4.417,-14.509,-19.277
4.433,-14.049,-19.447
4.450,-14.480,-19.549
4.467,-13.938,-19.791
4.483,-14.612,-19.889
4.500,-14.232,-19.887
4.517,-14.109,-19.966
4.533,-14.578,-19.942
4.550,-14.206,-20.020
4.567,-14.849,-19.715
4.583,-14.308,-19.890
4.600,-14.549,-19.528
4.617,-14.996,-19.171
4.633,-15.362,-18.853
4.650,-15.277,-18.870
4.667,-15.084,-18.693
4.683,-15.225,-18.737
4.700,-15.239,-18.118
4.717,-15.396,-17.979
4.733,-15.818,-17.796
4.750,-15.755,-17.819
4.767,-16.061,-17.682
4.783,-15.561,-17.592
4.800,-15.952,-17.028
4.817,-15.658,-17.245
4.833,-16.152,-16.824
4.850,-16.357,-16.627
4.867,-16.339,-16.940
4.883,-17.178,-17.188
4.900,-17.579,-17.236
4.917,-17.743,-17.302
4.933,-18.271,-17.334
4.950,-18.386,-17.647
4.967,-18.934,-17.614
4.983,-19.377,-17.832
5.000,-19.325,-17.971
5.017,-19.984,-18.353
5.033,-20.524,-18.748
5.050,-20.758,-19.450
5.067,-21.457,-20.188
5.083,-21.552,-20.520
5.100,-22.770,-21.111
5.117,-22.700,-21.216
5.133,-22.971,-21.339
5.150,-23.171,-21.605
5.167,-23.733,-21.538
5.183,-23.953,-21.571
5.200,-24.284,-21.618
5.217,-24.206,-21.454
5.233,-24.189,-21.383
5.250,-24.097,-21.111
5.267,-24.101,-21.059
5.283,-24.068,-20.931
5.300,-23.920,-20.994
5.317,-24.148,-21.088
5.333,-24.020,-20.951
5.350,-23.998,-21.211
5.367,-24.564,-21.050
5.383,-24.641,-20.945
5.400,-24.385,-20.855
5.417,-24.430,-20.837
5.433,-24.551,-20.714
5.450,-24.687,-20.388
5.467,-24.679,-20.689
5.483,-24.541,-20.789
5.500,-24.557,-20.787
5.517,-24.272,-20.940
5.533,-24.100,-21.273
5.550,-24.363,-21.515
5.567,-24.227,-21.599
5.583,-24.207,-21.770
5.600,-24.311,-22.145
5.617,-24.303,-22.349
5.633,-24.459,-22.404
5.650,-24.106,-22.168
5.667,-24.198,-22.042
5.683,-23.998,-21.833
5.700,-23.760,-22.044
5.717,-23.474,-22.086
5.733,-23.100,-22.239
5.750,-23.228,-22.405
5.767,-22.494,-22.627
5.783,-22.399,-22.952
5.800,-21.778,-23.153
5.817,-21.720,-23.453
5.833,-21.321,-23.584
5.850,-21.501,-23.889
5.867,-20.930,-24.154
5.883,-20.505,-24.369
5.900,-20.362,-24.557
5.917,-20.457,-24.814
5.933,-19.665,-24.785
5.950,-19.742,-24.855
5.967,-19.859,-25.179
5.983,-20.161,-25.346
6.000,-19.722,-25.480
6.017,-19.344,-25.723
6.033,-19.369,-26.012
6.050,-19.193,-26.263
6.067,-18.836,-26.119
6.083,-18.805,-25.999
6.100,-18.500,-25.470
6.117,-18.879,-25.311
6.133,-18.753,-24.894
6.150,-18.088,-24.784
6.167,-17.988,-24.535
6.183,-17.557,-24.136
6.200,-17.382,-24.116
6.217,-16.838,-24.000
6.233,-16.962,-24.118
6.250,-17.178,-24.145
6.267,-17.000,-24.320
6.283,-17.048,-24.633
6.300,-17.074,-24.867
6.317,-16.895,-25.123
6.333,-17.302,-25.958
6.350,-16.933,-26.549
6.367,-17.305,-26.662
6.383,-17.663,-26.996
6.400,-17.023,-27.366
6.417,-17.549,-27.369
6.433,-17.653,-27.538
6.450,-17.719,-27.646
6.467,-18.121,-27.551
6.483,-18.394,-27.799
6.500,-18.180,-27.717
6.517,-18.364,-27.861
6.533,-18.097,-27.970
6.550,-18.074,-27.893
6.567,-17.212,-27.843
6.583,-17.292,-27.788
6.600,-17.639,-27.724
6.617,-17.417,-27.495
6.633,-17.132,-27.493
6.650,-16.860,-27.553
6.667,-16.794,-27.643
6.683,-16.924,-27.500
6.700,-16.356,-27.505
6.717,-16.534,-27.468
6.733,-16.523,-27.250
6.750,-16.538,-27.092
6.767,-16.098,-26.947
6.783,-15.920,-26.986
6.800,-15.380,-26.866
6.817,-15.648,-26.803
6.833,-15.265,-26.920
6.850,-15.609,-26.667
6.867,-15.703,-26.487
6.883,-15.219,-26.268
6.900,-15.580,-26.172
6.917,-15.099,-26.228
6.933,-15.188,-25.887
6.950,-14.992,-25.456
6.967,-15.193,-25.010
6.983,-15.290,-24.267
7.000,-15.125,-23.794
7.017,-15.021,-23.530
7.033,-15.156,-22.960
7.050,-14.798,-22.581
7.067,-14.508,-22.045
7.083,-14.273,-21.588
7.100,-14.586,-21.116
7.117,-14.551,-20.940
7.133,-14.281,-20.584
7.150,-14.269,-19.749
7.167,-13.793,-19.489
7.183,-13.875,-19.472
7.200,-14.225,-19.138
7.217,-14.357,-19.058
7.233,-14.104,-18.959
7.250,-14.196,-18.964
7.267,-14.009,-19.050
7.283,-13.500,-19.014
7.300,-13.825,-18.882
7.317,-14.009,-19.054
7.333,-13.971,-18.679
7.350,-13.858,-18.617
7.367,-13.718,-18.935
7.383,-13.675,-18.636
7.400,-13.475,-18.781
7.417,-13.935,-18.729
7.433,-13.739,-18.826
7.450,-13.724,-18.912
7.467,-13.709,-19.251
7.483,-13.432,-19.225
7.500,-13.855,-19.193
7.517,-13.934,-19.560
7.533,-14.073,-19.609
7.550,-14.226,-19.593
7.567,-14.388,-19.806
7.583,-14.564,-20.070
7.600,-14.762,-20.182
7.617,-15.070,-20.313
7.633,-15.169,-20.760
7.650,-16.353,-20.979
7.667,-16.886,-21.673
7.683,-17.779,-21.891
7.700,-18.284,-21.889
7.717,-19.050,-21.916
7.733,-19.295,-21.584
7.750,-19.337,-21.803
7.767,-19.467,-21.750
7.783,-19.059,-21.951
7.800,-18.889,-22.075
7.817,-18.867,-22.321
7.833,-18.675,-22.460
7.850,-18.201,-22.813
7.867,-18.313,-22.791
7.883,-18.175,-23.048
7.900,-17.372,-23.389
7.917,-17.107,-23.616
7.933,-17.389,-23.998
7.950,-17.402,-24.347
7.967,-17.593,-24.538
7.983,-17.342,-25.133
8.000,-17.270,-25.366
8.017,-16.381,-26.032
8.033,-16.292,-26.283
8.050,-16.032,-26.585
8.067,-16.511,-26.518
8.083,-16.809,-26.699
8.100,-16.591,-26.955
8.117,-16.667,-27.314
8.133,-16.389,-27.541
8.150,-16.159,-27.771
8.167,-16.809,-27.950
8.183,-16.562,-28.449
8.200,-16.458,-28.675
8.217,-16.247,-29.195
8.233,-17.144,-29.677
8.250,-16.730,-30.003
8.267,-16.184,-30.602
8.283,-15.913,-30.892
8.300,-14.993,-31.325
8.317,-14.728,-31.588
8.333,-14.199,-31.943
8.350,-13.644,-32.290
8.367,-13.800,-32.367
8.383,-13.133,-32.427
8.400,-11.626,-32.376
8.417,-11.372,-32.248
8.433,-11.242,-32.130
8.450,-10.742,-31.991
8.467,-10.674,-31.854
8.483,-10.839,-31.769
8.500,-10.133,-31.726
8.517,-11.260,-31.679
8.533,-11.018,-31.544
8.550,-11.514,-31.666
8.567,-10.804,-31.605
8.583,-11.536,-31.339
8.600,-11.455,-31.139
8.617,-11.508,-30.934
8.633,-11.443,-30.656
8.650,-11.358,-30.325
8.667,-11.540,-29.420
8.683,-11.224,-29.085
8.700,-10.510,-28.156
8.717,-10.278,-27.223
8.733,-9.934,-26.254
8.750,-9.219,-24.933
8.767,-9.146,-23.475
8.783,-9.379,-22.652
8.800,-8.365,-21.106
8.817,-7.494,-19.538
8.833,-7.958,-18.396
8.850,-7.773,-17.381
8.867,-8.829,-16.458
8.883,-8.832,-16.046
8.900,-8.952,-16.426
8.917,-9.264,-16.555
8.933,-9.373,-16.957
8.950,-9.763,-17.307
8.967,-10.363,-17.420
8.983,-10.318,-17.824
9.000,-11.213,-18.331
9.017,-11.279,-18.758
9.033,-11.717,-19.348
9.050,-12.123,-20.095
9.067,-12.983,-20.714
9.083,-13.106,-21.325
9.100,-13.264,-21.525
9.117,-13.738,-21.754
9.133,-14.045,-22.070
9.150,-14.107,-22.060
9.167,-14.413,-22.123
9.183,-15.137,-22.442
9.200,-14.742,-22.409
9.217,-14.931,-22.425
9.233,-15.250,-22.314
9.250,-15.772,-22.403
9.267,-15.290,-22.519
9.283,-15.707,-22.696
9.300,-15.723,-22.636
9.317,-16.425,-22.804
9.333,-16.518,-22.779
9.350,-16.563,-22.626
9.367,-16.648,-22.939
9.383,-16.883,-22.874
9.400,-16.838,-22.858
9.417,-16.976,-22.855
9.433,-16.850,-23.358
9.450,-17.666,-23.305
9.467,-17.702,-23.506
9.483,-17.374,-23.168
9.500,-17.327,-23.153
9.517,-17.356,-22.865
9.533,-17.002,-22.810
9.550,-16.687,-22.531
9.567,-16.203,-21.790
9.583,-15.934,-21.202
9.600,-15.392,-20.505
9.617,-14.772,-19.740
9.633,-14.723,-19.220
9.650,-14.855,-18.678
9.667,-13.849,-18.681
9.683,-13.364,-18.389
9.700,-12.892,-17.722
9.717,-12.358,-17.369
9.733,-11.807,-17.175
9.750,-11.254,-17.140
9.767,-11.208,-17.207
9.783,-10.958,-17.261
9.800,-10.699,-17.748
9.817,-10.735,-18.149
9.833,-10.682,-18.258
9.850,-10.915,-18.627
9.867,-11.240,-19.197
9.883,-10.522,-19.469
9.900,-9.537,-19.966
9.917,-9.025,-20.397
9.933,-7.994,-20.868
9.950,-7.589,-21.573
9.967,-7.780,-22.545
9.983,-7.363,-23.374
10.000,-6.714,-23.475
10.017,-6.745,-23.445
10.033,-6.386,-23.369
10.050,-7.354,-23.526
10.067,-8.025,-23.507
10.083,-8.489,-23.496
10.100,-8.961,-23.547
10.117,-9.543,-23.744
10.133,-9.695,-23.871
10.150,-10.974,-23.872
10.167,-11.163,-24.210
10.183,-11.521,-24.131
10.200,-12.504,-23.840
10.217,-12.665,-23.974
10.233,-12.164,-23.663
10.250,-12.808,-23.695
10.267,-13.121,-23.788
10.283,-13.395,-23.594
10.300,-13.686,-23.814
10.317,-13.754,-23.624
10.333,-13.186,-23.683
10.350,-12.865,-23.593
10.367,-12.927,-23.642
10.383,-12.727,-23.648
10.400,-12.323,-23.374
10.417,-11.756,-23.039
10.433,-11.798,-22.640
10.450,-11.528,-22.520
10.467,-11.698,-22.183
10.483,-12.270,-21.929
10.500,-11.695,-21.687
10.517,-11.369,-21.278
10.533,-11.685,-20.861
10.550,-11.661,-20.213
10.567,-11.642,-19.769
10.583,-11.635,-18.938
10.600,-11.291,-18.719
10.617,-11.266,-18.087
10.633,-11.376,-17.678
10.650,-11.958,-16.872
10.667,-12.280,-16.165
10.683,-12.655,-15.619
10.700,-12.703,-15.219
10.717,-12.703,-14.885
10.733,-12.803,-14.530
10.750,-12.331,-14.307
10.767,-12.966,-14.195
10.783,-13.315,-14.027
10.800,-13.204,-13.968
10.817,-13.413,-13.837
10.833,-13.409,-13.729
10.850,-13.370,-13.613
10.867,-14.369,-13.555
10.883,-14.625,-13.595
10.900,-14.699,-13.489
10.917,-15.039,-13.656
10.933,-14.664,-13.764
10.950,-14.979,-13.710
10.967,-14.824,-13.880
10.983,-15.170,-13.853
11.000,-15.082,-13.743
11.017,-14.636,-13.925
11.033,-14.222,-14.070
11.050,-13.755,-14.074
11.067,-13.775,-13.985
11.083,-13.540,-14.099
11.100,-13.425,-14.123
11.117,-13.632,-14.340
11.133,-14.062,-14.442
11.150,-13.969,-14.452
11.167,-13.269,-14.353
11.183,-14.254,-14.037
11.200,-14.361,-13.464
11.217,-14.448,-12.902
11.233,-14.293,-12.703
11.250,-14.575,-12.541
11.267,-13.897,-12.346
11.283,-14.235,-12.108
11.300,-14.554,-11.885
11.317,-13.990,-11.688
11.333,-14.070,-11.459
11.350,-13.762,-11.554
11.367,-13.702,-11.420
11.383,-13.532,-11.135
11.400,-14.106,-10.726
11.417,-13.312,-10.280
11.433,-13.119,-9.967
11.450,-12.407,-9.622
11.467,-12.259,-9.310
11.483,-11.663,-9.099
11.500,-10.940,-9.271
11.517,-11.103,-9.156
11.533,-11.705,-8.953
11.550,-11.629,-8.900
11.567,-11.116,-9.166
11.583,-11.412,-9.199
11.600,-11.563,-9.315
11.617,-11.713,-9.644
11.633,-12.102,-9.865
11.650,-12.490,-10.241
11.667,-12.983,-10.341
11.683,-13.184,-10.685
11.700,-13.069,-10.959
11.717,-13.231,-11.327
11.733,-13.320,-11.570
11.750,-13.343,-11.722
11.767,-13.900,-11.989
11.783,-13.525,-12.589
11.800,-13.920,-13.202
11.817,-15.016,-13.674
11.833,-15.253,-14.928
11.850,-14.922,-15.407
11.867,-15.132,-15.807
11.883,-15.066,-16.128
11.900,-14.687,-16.770
11.917,-13.807,-17.676
11.933,-14.000,-18.402
11.950,-14.016,-18.827
11.967,-13.527,-19.053
11.983,-13.512,-19.056
12.000,-13.393,-19.335
12.017,-13.192,-19.008
12.033,-13.314,-19.026
12.050,-13.429,-19.331
12.067,-13.105,-18.922
12.083,-13.171,-18.752
12.100,-13.615,-18.818
12.117,-13.532,-18.477
12.133,-13.464,-18.675
12.150,-13.498,-18.374
12.167,-13.083,-18.242
12.183,-13.250,-18.401
12.200,-13.873,-18.315
12.217,-13.905,-18.266
12.233,-13.679,-18.616
12.250,-13.255,-18.608
12.267,-14.019,-18.560
12.283,-13.174,-18.543
12.300,-13.383,-18.464
12.317,-13.282,-18.505
12.333,-13.485,-18.227
12.350,-13.364,-18.332
12.367,-13.436,-18.194
12.383,-13.568,-18.098
12.400,-13.818,-17.730
12.417,-13.643,-17.422
12.433,-13.599,-17.268
12.450,-13.758,-17.165
12.467,-13.695,-16.912
12.483,-13.705,-16.714
12.500,-14.056,-16.602
12.517,-14.197,-16.361
12.533,-14.317,-16.176
12.550,-14.079,-15.792
12.567,-14.473,-15.070
12.583,-14.970,-14.678
12.600,-14.586,-14.366
12.617,-14.449,-13.934
12.633,-14.334,-13.827
12.650,-14.302,-13.636
12.667,-14.327,-13.522
12.683,-14.318,-13.418
12.700,-14.254,-12.803
12.717,-14.196,-12.376
12.733,-14.385,-12.117
12.750,-14.302,-11.832
12.767,-13.806,-11.318
12.783,-14.256,-10.964
12.800,-14.496,-10.544
12.817,-15.141,-9.970
12.833,-15.259,-9.593
12.850,-14.869,-9.232
12.867,-15.072,-8.852
12.883,-15.087,-8.250
12.900,-15.213,-7.620
12.917,-14.497,-7.425
12.933,-14.586,-7.112
12.950,-14.508,-6.953
12.967,-14.704,-6.724
12.983,-14.860,-6.814
13.000,-14.735,-6.822
13.017,-14.329,-7.085
13.033,-13.948,-7.101
13.050,-14.725,-7.304
13.067,-14.546,-7.260
13.083,-14.917,-7.169
13.100,-15.040,-7.290
13.117,-14.939,-7.340
13.133,-15.159,-7.796
13.150,-15.083,-7.727
13.167,-15.099,-7.820
13.183,-14.933,-7.919
13.200,-15.017,-8.075
13.217,-15.120,-7.964
13.233,-15.310,-8.035
13.250,-15.133,-8.168
13.267,-15.012,-8.296
13.283,-14.866,-8.420
13.300,-14.448,-8.444
13.317,-14.666,-8.513
13.333,-14.559,-8.403
13.350,-14.756,-8.377
13.367,-14.432,-8.348
13.383,-14.719,-8.236
13.400,-14.328,-8.148
13.417,-13.919,-8.245
13.433,-13.809,-8.225
13.450,-13.903,-8.439
13.467,-13.545,-8.456
13.483,-13.467,-8.406
13.500,-12.908,-8.632
13.517,-12.975,-8.754
13.533,-13.022,-8.682
13.550,-12.598,-8.912
13.567,-12.603,-8.720
13.583,-12.164,-8.975
13.600,-11.462,-9.203
13.617,-11.069,-9.497
13.633,-10.896,-9.740
13.650,-10.615,-9.820
13.667,-10.562,-9.859
13.683,-10.345,-9.894
13.700,-10.225,-10.049
13.717,-9.791,-10.057
13.733,-9.803,-10.322
13.750,-9.539,-10.304
13.767,-9.177,-10.686
13.783,-9.128,-10.494
13.800,-9.364,-10.730
13.817,-9.173,-10.634
13.833,-8.877,-10.821
13.850,-9.139,-10.490
13.867,-9.462,-10.514
13.883,-9.621,-10.843
13.900,-9.911,-10.501
13.917,-10.311,-10.568
13.933,-9.840,-10.491
13.950,-10.519,-10.486
13.967,-11.025,-10.487
13.983,-11.223,-10.393
14.000,-11.357,-10.483
14.017,-11.226,-10.375
14.033,-11.258,-10.436
14.050,-11.534,-10.581
14.067,-11.438,-10.532
14.083,-11.392,-10.687
14.100,-11.952,-10.503
14.117,-11.772,-10.607
14.133,-11.517,-10.850
14.150,-11.907,-10.926
14.167,-11.775,-10.938
14.183,-11.731,-10.740
14.200,-12.070,-11.004
14.217,-12.241,-10.664
14.233,-12.360,-10.467
14.250,-12.451,-10.679
14.267,-12.903,-10.291
14.283,-12.960,-10.488
14.300,-12.693,-10.801
14.317,-13.008,-10.829
14.333,-13.117,-10.645
14.350,-13.070,-10.503
14.367,-13.212,-10.260
14.383,-13.352,-10.390
14.400,-13.537,-10.467
14.417,-13.489,-10.541
14.433,-13.897,-10.167
14.450,-14.094,-9.973
14.467,-13.847,-10.034
14.483,-14.116,-9.948
14.500,-14.128,-9.891
14.517,-14.369,-9.805
14.533,-13.978,-10.249
14.550,-13.734,-10.169
14.567,-13.755,-10.271
14.583,-14.080,-10.168
14.600,-13.920,-10.284
14.617,-13.901,-10.298
14.633,-13.766,-10.315
14.650,-13.703,-10.570
14.667,-13.636,-10.589
14.683,-13.769,-10.560
14.700,-13.885,-10.639
14.717,-13.889,-10.994
14.733,-13.844,-11.138
14.750,-13.512,-11.109
14.767,-13.457,-11.248
14.783,-13.700,-11.481
14.800,-13.435,-11.712
14.817,-13.185,-11.810
14.833,-13.465,-11.927
14.850,-13.146,-12.232
14.867,-13.428,-12.178
14.883,-13.179,-12.398
14.900,-13.361,-12.455
14.917,-12.936,-12.598
14.933,-13.093,-12.727
14.950,-13.084,-12.851
14.967,-12.646,-12.931
14.983,-12.242,-13.117
15.000,-12.390,-13.111
15.017,-12.479,-13.164
15.033,-12.327,-13.160
15.050,-11.884,-13.255
15.067,-11.942,-13.222
15.083,-11.747,-13.402
15.100,-11.961,-13.274
15.117,-11.529,-13.098
15.133,-11.482,-12.980
15.150,-11.932,-12.689
15.167,-11.779,-12.803
15.183,-11.843,-12.446
15.200,-12.020,-12.210
15.217,-12.048,-11.896
15.233,-11.845,-11.330
15.250,-12.092,-11.062
15.267,-11.958,-10.760
15.283,-12.098,-10.260
15.300,-11.459,-10.029
15.317,-11.714,-9.426
15.333,-11.483,-8.944
15.350,-11.357,-8.679
15.367,-11.508,-8.456
15.383,-11.310,-8.470
15.400,-11.547,-8.492
15.417,-11.470,-8.647
15.433,-11.481,-8.869
15.450,-11.503,-8.761
15.467,-11.686,-8.936
15.483,-11.798,-8.980
15.500,-11.911,-9.236
15.517,-12.411,-9.216
15.533,-12.379,-9.093
15.550,-12.051,-9.037
15.567,-12.361,-9.245
15.583,-12.494,-9.242
15.600,-12.584,-9.665
15.617,-12.314,-9.654
15.633,-11.961,-10.184
15.650,-12.089,-10.099
15.667,-12.177,-10.497
15.683,-12.300,-10.436
15.700,-11.929,-10.657
15.717,-12.044,-11.147
15.733,-11.904,-11.409
15.750,-12.014,-11.777
15.767,-11.740,-12.293
15.783,-11.637,-12.660
15.800,-11.335,-12.923
15.817,-10.937,-13.488
15.833,-11.387,-14.239
15.850,-11.865,-14.701
15.867,-11.328,-15.528
15.883,-11.761,-16.140
15.900,-11.816,-16.143
15.917,-11.900,-16.598
15.933,-12.200,-16.995
15.950,-11.772,-17.297
15.967,-12.027,-17.286
15.983,-11.936,-17.132
16.000,-11.915,-17.230
16.017,-12.139,-17.094
16.033,-12.050,-17.049
16.050,-12.059,-16.914
16.067,-12.424,-16.503
16.083,-12.358,-15.959
16.100,-12.235,-15.824
16.117,-12.575,-15.248
16.133,-12.689,-14.661
16.150,-12.965,-14.291
16.167,-13.108,-14.086
16.183,-12.856,-13.773
16.200,-13.147,-13.814
16.217,-13.221,-13.639
16.233,-13.180,-13.491
16.250,-13.568,-13.354
16.267,-13.577,-13.230
16.283,-13.709,-12.959
16.300,-13.413,-12.741
16.317,-13.664,-12.475
16.333,-13.453,-12.204
16.350,-13.415,-11.839
16.367,-13.411,-11.553
16.383,-13.496,-11.559
16.400,-14.136,-11.060
16.417,-14.287,-10.601
16.433,-13.733,-10.364
16.450,-13.819,-10.049
16.467,-14.104,-9.525
16.483,-13.218,-9.112
16.500,-13.254,-8.767
16.517,-13.169,-8.701
16.533,-13.413,-8.318
16.550,-13.232,-8.108
16.567,-12.861,-7.704
16.583,-12.913,-7.434
16.600,-12.875,-7.134
16.617,-12.922,-6.942
16.633,-12.831,-6.783
16.650,-12.232,-6.390
16.667,-11.944,-6.600
16.683,-12.230,-6.353
16.700,-12.064,-6.317
16.717,-12.030,-6.400
16.733,-12.138,-6.563
16.750,-12.322,-6.523
16.767,-11.826,-6.840
16.783,-12.188,-7.385
16.800,-12.040,-7.393
16.817,-12.278,-7.847
16.833,-11.604,-8.016
16.850,-11.626,-8.279
16.867,-12.006,-8.487
16.883,-11.825,-8.819
16.900,-11.799,-8.817
16.917,-12.049,-9.082
16.933,-11.622,-9.335
16.950,-12.036,-9.275
16.967,-11.582,-9.291
16.983,-11.436,-9.580
17.000,-11.426,-9.686
17.017,-11.322,-10.118
17.033,-11.460,-10.165
17.050,-11.210,-10.571
17.067,-10.935,-10.734
17.083,-11.040,-11.136
17.100,-11.070,-11.440
17.117,-10.596,-11.888
17.133,-10.914,-12.322
17.150,-10.446,-12.689
17.167,-10.687,-13.366
17.183,-10.102,-14.039
17.200,-10.271,-14.334
17.217,-9.710,-15.150
17.233,-9.977,-15.627
17.250,-9.985,-16.149
17.267,-10.319,-16.556
17.283,-10.230,-16.500
17.300,-10.109,-17.037
17.317,-10.763,-17.129
17.333,-10.699,-17.325
17.350,-10.398,-17.470
17.367,-10.351,-17.763
17.383,-10.633,-17.802
17.400,-10.695,-17.473
17.417,-10.786,-17.221
17.433,-10.820,-17.002
17.450,-11.050,-16.922
17.467,-10.916,-16.933
17.483,-11.413,-16.725
17.500,-11.149,-16.582
17.517,-11.214,-16.382
17.533,-11.560,-16.372
17.550,-11.226,-16.268
17.567,-11.500,-16.119
17.583,-11.666,-15.927
17.600,-11.301,-15.942
17.617,-11.420,-15.605
17.633,-12.204,-15.550
17.650,-12.019,-15.405
17.667,-12.242,-15.344
17.683,-11.676,-15.118
17.700,-11.736,-14.789
17.717,-12.170,-14.501
17.733,-11.652,-14.154
17.750,-11.748,-13.586
17.767,-11.679,-13.103
17.783,-12.323,-12.584
17.800,-12.361,-12.034
17.817,-12.366,-11.729
17.833,-11.849,-11.370
17.850,-12.174,-10.954
17.867,-12.665,-10.708
17.883,-12.898,-10.589
17.900,-12.746,-10.378
17.917,-13.059,-10.008
17.933,-12.755,-10.004
17.950,-12.864,-9.870
17.967,-13.170,-9.717
17.983,-13.339,-9.698
18.000,-13.165,-9.556
18.017,-12.827,-9.476
18.033,-13.469,-9.348
18.050,-13.598,-9.456
18.067,-12.927,-9.722
18.083,-13.298,-9.661
18.100,-12.755,-9.908
18.117,-12.888,-9.984
18.133,-12.950,-10.078
18.150,-12.955,-10.114
18.167,-12.579,-10.139
18.183,-12.350,-10.547
18.200,-12.227,-10.422
18.217,-12.199,-10.633
18.233,-12.347,-10.367
18.250,-11.956,-10.524
18.267,-12.047,-10.461
18.283,-12.101,-10.539
18.300,-12.193,-10.304
18.317,-12.031,-10.482
18.333,-11.863,-10.239
18.350,-11.850,-10.216
18.367,-11.433,-10.458
18.383,-11.676,-10.606
18.400,-11.890,-10.601
18.417,-11.291,-10.671
18.433,-11.527,-10.903
18.450,-11.412,-11.287
18.467,-11.764,-11.826
18.483,-11.829,-12.100
18.500,-11.123,-12.561
18.517,-11.390,-12.670
18.533,-11.454,-12.646
18.550,-11.336,-12.732
18.567,-11.513,-13.123
18.583,-11.824,-13.071
18.600,-11.670,-13.325
18.617,-11.911,-13.347
18.633,-12.050,-13.523
18.650,-12.116,-13.523
18.667,-12.374,-13.665
18.683,-12.144,-13.798
18.700,-12.494,-13.893
18.717,-12.313,-13.593
18.733,-12.426,-13.649
18.750,-12.584,-13.594
18.767,-12.775,-13.420
18.783,-12.941,-13.422
18.800,-12.646,-13.369
18.817,-12.859,-13.115
18.833,-12.973,-12.949
18.850,-13.135,-12.499
18.867,-12.950,-12.423
18.883,-13.384,-12.222
18.900,-14.087,-11.772
18.917,-14.101,-11.647
18.933,-13.668,-11.647
18.950,-14.318,-11.511
18.967,-14.672,-11.170
18.983,-14.262,-11.045
19.000,-14.329,-10.849
19.017,-14.466,-10.208
19.033,-14.072,-10.037
19.050,-14.435,-9.969
19.067,-14.058,-9.842
19.083,-14.376,-9.802
19.100,-14.052,-9.838
19.117,-14.132,-9.641
19.133,-14.062,-9.417
19.150,-13.978,-9.543
19.167,-13.665,-9.659
19.183,-13.725,-9.623
19.200,-13.982,-9.526
19.217,-13.914,-9.238
19.233,-14.185,-9.416
19.250,-13.759,-9.234
19.267,-13.740,-9.077
19.283,-13.697,-8.979
19.300,-13.706,-8.635
19.317,-13.524,-8.776
19.333,-13.261,-8.578
19.350,-13.620,-8.430
19.367,-13.065,-8.511
19.383,-13.047,-8.243
19.400,-13.170,-7.863
19.417,-12.641,-7.681
19.433,-12.974,-7.391
19.450,-12.655,-7.863
19.467,-12.588,-7.767
19.483,-12.875,-7.816
19.500,-13.032,-7.826
19.517,-13.147,-8.000
19.533,-13.131,-7.861
19.550,-12.622,-8.268
19.567,-12.412,-8.539
19.583,-12.961,-8.444
19.600,-11.977,-8.771
19.617,-11.925,-8.704
19.633,-11.754,-8.918
19.650,-12.002,-8.751
19.667,-11.825,-8.895
19.683,-11.374,-8.982
19.700,-11.145,-9.078
19.717,-11.252,-9.124
19.733,-10.676,-9.436
19.750,-11.224,-9.391
19.767,-10.338,-9.591
19.783,-10.876,-10.033
19.800,-11.057,-10.157
19.817,-10.838,-10.614
19.833,-10.682,-10.895
19.850,-10.642,-11.312
19.867,-10.914,-11.702
19.883,-10.087,-12.480
19.900,-10.448,-13.464
19.917,-10.203,-13.908
19.933,-10.215,-14.289
19.950,-9.935,-14.518
19.967,-10.020,-14.656
19.983,-10.147,-14.847
20.000,-10.304,-14.856
20.017,-10.074,-15.034
20.033,-9.681,-14.893
20.050,-10.050,-15.029
20.067,-9.881,-14.739
20.083,-9.873,-14.806
20.100,-9.775,-14.511
20.117,-10.107,-14.383
20.133,-10.323,-14.223
20.150,-9.941,-14.013
20.167,-10.646,-13.931
20.183,-10.583,-13.761
20.200,-10.543,-13.625
20.217,-10.880,-13.361
20.233,-10.989,-13.167
20.250,-11.222,-13.538
20.267,-10.949,-13.433
20.283,-11.067,-13.424
20.300,-11.181,-13.318
20.317,-11.320,-13.257
20.333,-11.739,-12.968
20.350,-11.414,-12.840
20.367,-11.647,-12.746
20.383,-11.680,-12.509
20.400,-11.775,-12.528
20.417,-11.758,-12.157
20.433,-11.789,-12.655
20.450,-11.672,-12.247
20.467,-11.983,-12.480
20.483,-11.729,-12.741
20.500,-11.938,-12.887
20.517,-11.687,-12.897
20.533,-11.753,-13.043
20.550,-11.734,-12.944
20.567,-11.469,-13.100
20.583,-11.665,-13.224
20.600,-11.315,-13.216
20.617,-11.179,-13.271
20.633,-11.382,-13.326
20.650,-11.480,-13.416
20.667,-11.486,-13.234
20.683,-11.297,-13.538
20.700,-11.615,-13.412
20.717,-11.402,-13.757
20.733,-11.662,-14.001
20.750,-11.006,-14.049
20.767,-11.614,-14.000
20.783,-10.982,-14.320
20.800,-11.413,-14.700
20.817,-11.375,-14.837
20.833,-11.340,-15.077
20.850,-11.093,-15.074
20.867,-10.804,-15.644
20.883,-11.028,-15.729
20.900,-10.730,-16.028
20.917,-11.128,-15.994
20.933,-10.945,-16.237
20.950,-10.808,-16.527
20.967,-10.938,-16.632
20.983,-11.382,-17.209
21.000,-11.163,-17.276
21.017,-10.959,-18.153
21.033,-10.945,-18.544
21.050,-11.019,-18.846
21.067,-11.376,-19.076
21.083,-11.146,-19.260
21.100,-11.648,-19.107
21.117,-11.430,-19.128
21.133,-11.468,-19.081
21.150,-11.799,-19.047
21.167,-11.069,-19.102
21.183,-11.447,-18.808
21.200,-11.714,-18.838
21.217,-11.823,-18.670
21.233,-11.784,-18.610
21.250,-12.432,-18.321
21.267,-12.222,-18.267
21.283,-12.475,-18.034
21.300,-12.294,-17.995
21.317,-12.304,-18.097
21.333,-12.679,-17.955
21.350,-12.693,-18.148
21.367,-12.916,-17.917
21.383,-12.447,-18.003
21.400,-12.983,-17.557
21.417,-12.926,-17.595
21.433,-13.025,-17.745
21.450,-13.201,-17.561
21.467,-13.176,-17.553
21.483,-13.134,-17.589
21.500,-13.502,-17.368
21.517,-13.285,-17.291
21.533,-12.812,-16.969
21.550,-12.878,-16.756
21.567,-12.944,-16.545
21.583,-13.128,-16.305
21.600,-12.750,-15.964
21.617,-13.090,-14.895
21.633,-13.251,-14.044
21.650,-13.498,-13.408
21.667,-14.014,-13.134
21.683,-14.060,-13.108
21.700,-14.755,-13.253
21.717,-14.734,-13.785
21.733,-14.127,-14.285
21.750,-14.127,-14.650
21.767,-13.604,-15.074
21.783,-13.844,-14.947
21.800,-12.817,-15.555
21.817,-12.850,-15.610
21.833,-12.660,-15.669
21.850,-12.522,-16.113
21.867,-12.194,-16.129
21.883,-11.929,-16.136
21.900,-12.122,-16.312
21.917,-12.318,-16.508
21.933,-11.725,-16.640
21.950,-11.587,-16.790
21.967,-11.496,-16.979
21.983,-11.541,-17.333
22.000,-10.949,-17.228
22.017,-11.368,-17.250
22.033,-11.166,-17.161
22.050,-11.494,-17.402
22.067,-10.823,-17.238
22.083,-10.956,-17.575
22.100,-11.040,-17.910
22.117,-10.589,-17.964
22.133,-10.901,-18.032
22.150,-10.634,-17.915
22.167,-10.305,-17.828
22.183,-10.429,-17.918
22.200,-10.910,-17.934
22.217,-10.533,-17.852
22.233,-10.532,-17.696
22.250,-10.643,-17.625
22.267,-10.801,-17.435
22.283,-10.933,-17.265
22.300,-10.493,-17.233
22.317,-11.012,-17.191
22.333,-10.943,-17.012
22.350,-10.656,-16.998
22.367,-10.681,-16.933
22.383,-10.698,-16.750
22.400,-10.543,-16.510
22.417,-10.468,-16.403
22.433,-10.884,-16.427
22.450,-10.479,-16.202
22.467,-10.632,-16.312
22.483,-10.554,-16.033
22.500,-10.654,-15.914
22.517,-10.341,-15.848
22.533,-10.396,-15.556
22.550,-10.646,-15.286
22.567,-10.720,-15.286
22.583,-10.434,-15.228
22.600,-10.869,-15.050
22.617,-10.786,-14.924
22.633,-10.816,-14.885
22.650,-10.754,-14.847
22.667,-10.946,-14.944
22.683,-10.886,-14.962
22.700,-10.850,-14.936
22.717,-11.093,-14.821
22.733,-11.139,-14.964
22.750,-10.770,-15.245
22.767,-11.447,-15.011
22.783,-11.065,-15.447
22.800,-10.961,-15.601
22.817,-11.315,-15.659
22.833,-10.965,-15.422
22.850,-11.119,-15.466
22.867,-10.790,-15.571
22.883,-10.658,-15.099
22.900,-10.829,-14.870
22.917,-10.324,-15.020
22.933,-10.788,-14.722
22.950,-10.776,-14.483
22.967,-10.623,-14.285
22.983,-10.732,-14.003
23.000,-10.831,-13.973
23.017,-10.744,-14.297
23.033,-10.639,-13.967
23.050,-10.738,-14.219
23.067,-10.739,-14.402
23.083,-10.848,-14.520
23.100,-11.174,-14.707
23.117,-11.414,-14.812
23.133,-11.080,-14.862
23.150,-10.852,-15.144
23.167,-11.026,-15.285
23.183,-10.878,-15.523
23.200,-10.961,-15.676
23.217,-11.172,-15.617
23.233,-11.022,-15.679
23.250,-10.511,-15.604
23.267,-10.536,-15.683
23.283,-10.784,-15.743
23.300,-10.458,-15.866
23.317,-10.416,-15.881
23.333,-10.490,-15.991
23.350,-10.330,-15.923
23.367,-10.373,-16.119
23.383,-10.626,-16.159
23.400,-10.936,-16.318
23.417,-10.781,-16.494
23.433,-10.351,-16.727
23.450,-10.714,-17.043
23.467,-10.831,-17.287
23.483,-11.028,-17.400
23.500,-11.169,-17.627
23.517,-10.863,-17.910
23.533,-11.100,-18.001
23.550,-11.000,-18.105
23.567,-10.974,-17.924
23.583,-11.066,-17.861
23.600,-11.298,-17.764
23.617,-10.680,-17.816
23.633,-10.369,-18.305
23.650,-10.098,-18.587
23.667,-10.144,-18.454
23.683,-9.805,-18.413
23.700,-9.286,-18.193
23.717,-9.509,-17.941
23.733,-9.309,-18.044
23.750,-9.372,-18.050
23.767,-9.837,-17.813
23.783,-10.072,-17.765
23.800,-10.136,-17.684
23.817,-10.806,-17.394
23.833,-10.808,-17.254
23.850,-10.832,-17.407
23.867,-11.083,-17.131
23.883,-10.898,-17.212
23.900,-11.597,-17.160
23.917,-11.616,-16.998
23.933,-11.741,-16.793
23.950,-12.025,-16.580
23.967,-12.176,-16.617
23.983,-12.339,-16.510
24.000,-12.536,-16.416
24.017,-12.617,-16.317
24.033,-12.732,-16.209
24.050,-13.218,-15.830
24.067,-13.313,-15.627
24.083,-13.882,-15.601
24.100,-14.208,-15.137
24.117,-14.690,-15.304
24.133,-14.224,-15.319
24.150,-14.305,-15.293
24.167,-14.628,-15.116
24.183,-15.285,-15.238
24.200,-15.195,-15.233
24.217,-14.986,-15.001
24.233,-15.672,-15.179
24.250,-15.482,-15.244
24.267,-15.013,-15.166
24.283,-15.342,-15.161
24.300,-14.832,-15.365
24.317,-14.971,-15.309
24.333,-15.425,-15.183
24.350,-15.449,-15.269
24.367,-14.710,-15.488
24.383,-14.778,-15.386
24.400,-14.608,-15.169
24.417,-14.876,-15.252
24.433,-14.076,-14.986
24.450,-13.933,-14.840
24.467,-14.219,-14.718
24.483,-13.702,-14.682
24.500,-13.243,-14.400
24.517,-13.322,-14.385
24.533,-13.457,-13.946
24.550,-13.666,-13.822
24.567,-13.861,-13.570
24.583,-13.899,-13.299
24.600,-13.574,-13.212
24.617,-13.609,-12.760
24.633,-13.756,-13.102
24.650,-13.428,-12.826
24.667,-13.190,-13.011
24.683,-13.045,-13.201
24.700,-13.332,-13.508
24.717,-13.329,-13.780
24.733,-13.498,-13.919
24.750,-13.275,-14.268
24.767,-13.255,-14.634
24.783,-13.282,-14.859
24.800,-13.538,-15.064
24.817,-13.659,-15.499
24.833,-13.339,-15.708
24.850,-13.874,-15.882
24.867,-13.892,-16.081
24.883,-13.749,-16.097
24.900,-13.405,-16.205
24.917,-13.354,-16.218
24.933,-13.276,-16.410
24.950,-13.703,-16.598
24.967,-13.141,-16.635
24.983,-12.956,-16.819
25.000,-13.299,-17.043
25.017,-12.941,-17.131
25.033,-12.988,-17.242
25.050,-13.354,-17.729
25.067,-13.145,-18.006
25.083,-13.007,-18.285
25.100,-12.945,-18.391
25.117,-12.955,-18.689
25.133,-12.779,-18.973
25.150,-12.946,-19.727
25.167,-12.974,-20.645
25.183,-12.998,-21.892
25.200,-13.307,-23.212
25.217,-13.713,-23.317
25.233,-13.569,-23.292
25.250,-13.706,-23.151
25.267,-13.485,-22.827
25.283,-13.427,-22.778
25.300,-13.378,-22.414
25.317,-13.327,-22.040
25.333,-13.049,-21.334
25.350,-12.807,-20.932
25.367,-12.228,-20.241
25.383,-12.008,-19.788
25.400,-11.808,-19.482
25.417,-11.202,-19.411
25.433,-10.801,-19.158
25.450,-10.761,-19.065
25.467,-10.450,-19.025
25.483,-10.105,-19.022
25.500,-10.262,-18.861
25.517,-9.941,-18.769
25.533,-10.201,-18.599
25.550,-10.579,-18.782
25.567,-10.941,-18.307
25.583,-11.455,-18.701
25.600,-11.287,-18.460
25.617,-12.066,-18.577
25.633,-12.698,-18.592
25.650,-12.579,-18.781
25.667,-12.765,-18.846
25.683,-13.503,-18.821
25.700,-13.397,-18.907
25.717,-13.748,-19.078
25.733,-13.446,-19.072
25.750,-13.402,-19.232
25.767,-13.168,-19.324
25.783,-13.735,-19.110
25.800,-13.694,-19.059
25.817,-13.454,-19.058
25.833,-13.778,-18.795
25.850,-13.702,-18.827
25.867,-13.777,-18.825
25.883,-13.885,-19.046
25.900,-14.037,-18.961
25.917,-13.860,-18.845
25.933,-14.204,-19.021
25.950,-14.118,-18.909
25.967,-14.300,-18.987
25.983,-14.106,-18.986
26.000,-14.477,-19.033
26.017,-14.114,-19.109
26.033,-14.383,-18.978
26.050,-14.092,-19.045
26.067,-14.444,-18.890
26.083,-14.110,-18.930
26.100,-14.483,-18.799
26.117,-14.594,-19.029
26.133,-14.818,-18.991
26.150,-15.012,-19.007
26.167,-15.240,-19.041
26.183,-14.836,-19.221
26.200,-15.453,-19.209
26.217,-15.441,-19.166
26.233,-15.457,-19.309
26.250,-15.216,-19.227
26.267,-15.160,-19.328
26.283,-15.126,-19.432
26.300,-15.114,-19.323
26.317,-14.867,-19.699
26.333,-14.835,-19.877
26.350,-14.786,-20.288
26.367,-14.691,-20.523
26.383,-14.876,-20.790
26.400,-14.975,-21.059
26.417,-15.069,-21.382
26.433,-15.109,-21.849
26.450,-15.389,-22.440
26.467,-15.097,-23.160
26.483,-15.038,-23.418
26.500,-14.521,-23.745
26.517,-15.004,-23.949
26.533,-14.926,-23.716
26.550,-14.564,-23.699
26.567,-14.329,-24.030
26.583,-14.361,-24.313
26.600,-13.852,-24.305
26.617,-13.981,-24.178
26.633,-13.768,-24.164
26.650,-14.044,-23.726
26.667,-14.277,-23.386
26.683,-13.775,-23.692
26.700,-13.628,-23.512
26.717,-13.645,-22.991
26.733,-12.870,-22.761
26.750,-12.751,-22.053
26.767,-12.513,-21.657
26.783,-12.409,-20.903
26.800,-12.580,-20.709
26.817,-12.608,-20.301
26.833,-12.722,-19.804
26.850,-12.229,-19.500
26.867,-12.095,-19.349
26.883,-11.718,-19.128
26.900,-12.162,-18.995
26.917,-12.069,-18.721
26.933,-12.205,-18.736
26.950,-12.001,-18.698
26.967,-11.813,-18.424
26.983,-11.664,-18.374
27.000,-11.615,-18.198
27.017,-11.940,-18.146
27.033,-11.913,-18.231
27.050,-11.760,-18.083
27.067,-11.701,-18.296
27.083,-11.596,-18.252
27.100,-12.134,-18.046
27.117,-12.125,-18.192
27.133,-11.778,-17.944
27.150,-11.925,-17.890
27.167,-12.309,-17.648
27.183,-12.304,-17.463
27.200,-12.593,-17.420
27.217,-12.299,-17.290
27.233,-12.722,-17.128
27.250,-12.289,-17.102
27.267,-12.003,-16.860
27.283,-12.450,-16.659
27.300,-12.622,-16.520
27.317,-12.512,-16.552
27.333,-13.008,-16.501
27.350,-13.041,-16.283
27.367,-13.123,-16.461
27.383,-12.565,-16.473
27.400,-12.641,-16.461
27.417,-13.307,-16.348
27.433,-13.284,-16.309
27.450,-13.403,-16.207
27.467,-12.984,-16.287
27.483,-12.989,-16.249
27.500,-13.356,-15.920
27.517,-13.149,-15.550
27.533,-13.473,-15.333
27.550,-13.435,-15.325
27.567,-13.312,-15.214
27.583,-13.312,-14.865
27.600,-13.427,-14.943
27.617,-13.412,-14.522
27.633,-13.555,-14.244
27.650,-13.464,-14.278
27.667,-13.363,-14.409
27.683,-13.576,-14.053
27.700,-13.379,-14.313
27.717,-12.926,-14.332
27.733,-13.250,-14.486
27.750,-13.509,-14.330
27.767,-13.474,-14.595
27.783,-13.516,-14.770
27.800,-13.437,-14.967
27.817,-13.282,-15.266
27.833,-12.612,-15.577
27.850,-12.803,-15.792
27.867,-12.717,-16.091
27.883,-12.312,-16.676
27.900,-12.216,-16.714
27.917,-12.589,-16.781
27.933,-12.517,-16.891
27.950,-12.717,-17.043
27.967,-12.475,-17.264
27.983,-12.227,-17.257
28.000,-12.631,-17.320
28.017,-12.584,-17.276
28.033,-12.460,-17.475
28.050,-12.374,-17.374
28.067,-12.708,-17.506
28.083,-12.494,-17.453
28.100,-12.304,-17.644
28.117,-12.650,-17.795
28.133,-12.746,-17.834
28.150,-12.236,-17.772
28.167,-12.555,-17.990
28.183,-13.230,-18.008
28.200,-12.398,-18.302
28.217,-12.750,-18.271
28.233,-12.684,-18.456
28.250,-12.727,-18.399
28.267,-12.570,-18.260
28.283,-12.565,-18.203
28.300,-12.674,-18.326
28.317,-12.123,-18.372
28.333,-12.231,-18.367
28.350,-12.246,-18.496
28.367,-12.608,-18.497
28.383,-12.898,-18.643
28.400,-12.713,-18.905
28.417,-12.855,-18.916
28.433,-12.963,-18.992
28.450,-12.822,-19.320
28.467,-13.067,-19.316
28.483,-13.088,-19.530
28.500,-13.287,-19.659
28.517,-13.688,-19.535
28.533,-13.759,-19.302
28.550,-13.354,-19.606
28.567,-13.477,-19.587
28.583,-13.694,-19.619
28.600,-13.540,-19.813
28.617,-13.984,-19.883
28.633,-13.946,-19.684
28.650,-14.202,-19.822
28.667,-13.936,-19.612
28.683,-14.092,-19.608
28.700,-14.246,-19.440
28.717,-14.418,-19.173
28.733,-14.442,-19.037
28.750,-14.401,-18.797
28.767,-15.111,-18.685
28.783,-14.823,-18.356
28.800,-15.042,-18.250
28.817,-14.979,-17.900
28.833,-15.239,-17.737
28.850,-15.347,-17.681
28.867,-15.197,-17.230
28.883,-15.090,-17.359
28.900,-15.566,-16.905
28.917,-15.694,-16.796
28.933,-15.598,-16.627
28.950,-15.757,-16.341
28.967,-15.131,-16.404
28.983,-15.136,-16.179
29.000,-15.118,-16.195
29.017,-15.089,-16.139
29.033,-15.474,-15.987
29.050,-15.716,-16.058
29.067,-15.925,-16.248
29.083,-15.280,-16.519
29.100,-15.495,-16.487
29.117,-15.473,-16.551
29.133,-15.341,-16.536
29.150,-15.302,-16.480
29.167,-16.099,-16.364
29.183,-15.965,-16.642
29.200,-15.556,-16.907
29.217,-15.683,-16.986
29.233,-15.582,-16.955
29.250,-15.496,-16.938
29.267,-15.436,-17.126
29.283,-15.016,-17.419
29.300,-14.645,-17.687
29.317,-14.592,-17.802
29.333,-14.535,-17.864
29.350,-14.235,-18.048
29.367,-14.255,-18.288
29.383,-14.187,-18.163
29.400,-14.047,-18.590
29.417,-13.783,-18.805
29.433,-14.017,-18.788
29.450,-13.548,-19.098
29.467,-13.416,-19.297
29.483,-13.520,-19.463
29.500,-13.101,-19.599
29.517,-13.040,-19.920
29.533,-13.414,-19.723
29.550,-13.520,-19.925
29.567,-13.136,-19.971
29.583,-13.467,-20.030
29.600,-13.240,-20.308
29.617,-13.164,-20.224
29.633,-13.074,-20.445
29.650,-12.779,-20.320
29.667,-12.755,-20.541
29.683,-12.945,-20.461
29.700,-12.584,-20.694
29.717,-12.385,-20.718
29.733,-12.903,-20.945
29.750,-12.969,-20.874
29.767,-12.898,-21.245
29.783,-12.883,-21.135
29.800,-12.722,-21.183
29.817,-12.822,-21.135
29.833,-12.959,-21.145
29.850,-12.864,-21.050
29.867,-12.969,-20.998
29.883,-13.439,-20.755
29.900,-13.212,-20.874
29.917,-13.284,-20.749
29.933,-13.848,-20.486
29.950,-13.564,-20.241
29.967,-13.173,-20.052
29.983,-13.518,-19.942
